Commit	Status
bee10b387796d018fe48bc71bac6d74b6bf0ed9e	{"rls":"test-pass","clippy-driver":"test-pass","rustfmt":"test-pass","miri":"build-fail"}
ce7505e6e08cf5a240c54161b5a73210edf6756f	{"rustfmt":"test-pass","miri":"build-fail","rls":"test-pass","clippy-driver":"test-pass"}
4a984fd8e328c68ba0d67a37c63c31607af0a158	{"miri":"build-fail","clippy-driver":"test-pass","rustfmt":"test-pass","rls":"test-pass"}
29c8276cee4a0eab7e0634ff25c6b47bd9f87c6c	{"rustfmt":"test-pass","rls":"test-pass","clippy-driver":"test-pass","miri":"build-fail"}
fee39ba8bd98f5b93c60de51336830fa7f0b9d97	{"clippy-driver":"test-pass","miri":"build-fail","rls":"test-pass","rustfmt":"test-pass"}
161ca1128f172a843e19cab030c6cb2c9e06c6f4	{"rls":"test-pass","clippy-driver":"test-pass","rustfmt":"test-pass","miri":"build-fail"}
51b336dc90cf0fe21beeb9184ab856985da96d79	{"clippy-driver":"test-pass","rls":"test-pass","miri":"build-fail","rustfmt":"test-pass"}
b00c733b9b32ac647cd115441db45ae9efe7b793	{"rls":"test-pass","clippy-driver":"test-pass","miri":"build-fail","rustfmt":"test-pass"}
4f93357d3b8938dfe439329c43c1e4f919a70869	{"clippy-driver":"test-pass","rustfmt":"test-pass","rls":"test-pass","miri":"build-fail"}
fff31afac8f535a5e281219e807f8bc7290b3536	{"miri":"build-fail","rustfmt":"test-pass","rls":"test-pass","clippy-driver":"test-pass"}
bd98fe0c05601d8a318a709adc4263f3348ea8d4	{"rls":"test-pass","clippy-driver":"test-pass","rustfmt":"test-pass","miri":"build-fail"}
290af2953a40adf91f5aee36159c1d7b36df949d	{"rls":"test-pass","miri":"build-fail","clippy-driver":"test-pass","rustfmt":"test-pass"}
e31860db864ef0f20b02910a0aa39cfd79d6cd46	{"rustfmt":"test-pass","miri":"build-fail","rls":"test-pass","clippy-driver":"test-pass"}
ca7d839088cbfe5b9bf232f5c27c48703d4f1605	{"rls":"test-pass","clippy-driver":"test-pass","miri":"build-fail","rustfmt":"test-pass"}
b224fc84e3438117b218ec6b57fdc3ea8a3d1c2e	{"clippy-driver":"test-pass","rustfmt":"test-pass","miri":"build-fail","rls":"test-pass"}
dd7be093aa84000a168665bf3f3ddf07f6bde874	{"rustfmt":"test-pass","clippy-driver":"test-pass","rls":"test-pass","miri":"build-fail"}
1696b8ebf319e7c4258e6bd47154a0b14bfb8d15	{"rls":"test-pass","miri":"build-fail","rustfmt":"test-pass","clippy-driver":"test-pass"}
759ae2d61ccb535e05fa38c12585a21aa14994b5	{"rustfmt":"test-pass","clippy-driver":"test-pass","rls":"test-pass","miri":"build-fail"}
6c04c41034c46730fba97bfe9cfa2dd0687c2a5f	{"miri":"build-fail","clippy-driver":"test-pass","rls":"test-pass","rustfmt":"test-pass"}
c0efdab7d210301ff339b52db9ce52b90f1553be	{"rls":"test-pass","clippy-driver":"build-fail","miri":"build-fail","rustfmt":"test-pass"}
b0a396bb0af5ad7706ffa2fafdec761012df200d	{"miri":"build-fail","rustfmt":"test-pass","clippy-driver":"build-fail","rls":"test-pass"}
07ea2604075d6f896addce0e6949c7cf25dd3715	{"miri":"build-fail","rls":"test-pass","rustfmt":"test-pass","clippy-driver":"build-fail"}
dd29d3dd76c3aed18d7708c636b8d1e259a4c294	{"rustfmt":"test-pass","miri":"build-fail","rls":"test-pass","clippy-driver":"build-fail"}
e7e982ac03b496dd4d4b5c182fdcd5fb4f2b5470	{"rls":"test-pass","clippy-driver":"build-fail","miri":"build-fail","rustfmt":"test-pass"}
cac046403a27dd42eb53ef8b9c94801592a12b5d	{"miri":"build-fail","rls":"test-pass","clippy-driver":"build-fail","rustfmt":"test-pass"}
7dd3864fd25b4b1c04e185cc583b94e4290edc35	{"rustfmt":"test-pass","clippy-driver":"build-fail","miri":"build-fail","rls":"test-pass"}
0c6091fbd0eee290c651f73be899f221eeab3c05	{"rustfmt":"test-pass","clippy-driver":"build-fail","rls":"test-pass","miri":"build-fail"}
3986539df6eb3601cbd4e9c6c195583fca6dc10b	{"miri":"build-fail","rls":"test-pass","clippy-driver":"build-fail","rustfmt":"test-pass"}
643fb97a6d6d9c976667557ce61e23ef5ad568f0	{"miri":"build-fail","rls":"test-pass","clippy-driver":"build-fail","rustfmt":"test-pass"}
c8f3f3774d9a6308ef97e3075aa749ba90d3ff8f	{"rls":"test-pass","rustfmt":"test-pass","clippy-driver":"build-fail","miri":"build-fail"}
9af374abf9d41c533afa46e62e1047097c190445	{"rls":"test-pass","rustfmt":"test-pass","clippy-driver":"build-fail","miri":"build-fail"}
edecd1a5251488e5b7001ad0eee516738f648149	{"miri":"build-fail","rls":"test-pass","rustfmt":"test-pass","clippy-driver":"build-fail"}
0e1741ed4f8b459407718a6f1babdbbb0fc247ce	{"clippy-driver":"build-fail","miri":"build-fail","rls":"test-pass","rustfmt":"test-pass"}
3d292b793ade0c1c9098fb32586033d79f6e9969	{"miri":"build-fail","clippy-driver":"build-fail","rls":"test-pass","rustfmt":"test-pass"}
aa0a5a86a1378193424fcf48bd7ce361ce418193	{"rustfmt":"test-pass","rls":"test-pass","clippy-driver":"build-fail","miri":"build-fail"}
8d04b8fda74767c673c59ff78c1d874af0d16651	{"rustfmt":"test-pass","miri":"build-fail","clippy-driver":"build-fail","rls":"test-pass"}
d1c54614c99d7227d5ed8c15ace39887e1e8a582	{"rustfmt":"test-pass","clippy-driver":"build-fail","rls":"test-pass","miri":"build-fail"}
6c15dffc43d86c316e3d6bf9f9ffd48d8b5f4a3e	{"rls":"test-pass","miri":"build-fail","rustfmt":"test-pass","clippy-driver":"build-fail"}
2575f9713fc5cbfffc83cc99ed2430d4cbba2ecd	{"clippy-driver":"build-fail","miri":"build-fail","rls":"test-pass","rustfmt":"test-pass"}
15dd8c39c0cc3b88b4e2cb2fb2eec1311d61e027	{"clippy-driver":"build-fail","miri":"build-fail","rustfmt":"test-pass","rls":"test-pass"}
1f8e6fa722cdc6f115d02703a84079a414c70997	{"miri":"build-fail","rls":"test-pass","rustfmt":"test-pass","clippy-driver":"build-fail"}
616b66dca25a67321b1654e5a65acc6337d63cf4	{"rls":"test-pass","rustfmt":"test-pass","miri":"build-fail","clippy-driver":"build-fail"}
6741e416feb54b18de41c348ecc70ba5cbc961ce	{"rls":"test-pass","miri":"build-fail","rustfmt":"test-pass","clippy-driver":"build-fail"}
acc1b82334129b22d091de2180bb2d63c1a84524	{"clippy-driver":"build-fail","rustfmt":"test-pass","miri":"build-fail","rls":"test-pass"}
d8a8710326bd379d0fff5b698b0dfb0140dd9d91	{"miri":"build-fail","rls":"test-pass","clippy-driver":"build-fail","rustfmt":"test-pass"}
56733bc9f8302409a2b6110f422512923c878154	{"miri":"build-fail","rls":"test-pass","clippy-driver":"build-fail","rustfmt":"test-pass"}
26792f0607bea2b03daa5195c2688fd53289042b	{"rls":"test-pass","clippy-driver":"build-fail","rustfmt":"test-pass","miri":"build-fail"}
e0bde94f0ac5379da54e5c29a3cf3989b43e06c1	{"rls":"test-pass","rustfmt":"test-pass","miri":"build-fail","clippy-driver":"build-fail"}
ddc3b6814c52b2bf912ba53cba66d5b4a06b81d8	{"rustfmt":"test-pass","rls":"test-pass","clippy-driver":"build-fail","miri":"build-fail"}
8ccab7eed5f4fc93500fbf242e575073ca70d7cb	{"miri":"build-fail","rls":"test-pass","rustfmt":"test-pass","clippy-driver":"build-fail"}
20d027e9d7d9d50f1eb257fa38c4a2b7dd0cd4ee	{"miri":"build-fail","rustfmt":"test-pass","rls":"test-pass","clippy-driver":"build-fail"}
dc136553be02e5f20643e9239c2ef98fef252273	{"miri":"build-fail","clippy-driver":"build-fail","rustfmt":"test-pass","rls":"test-pass"}
8077b54247313632e74573cbd0ff1ff630860fbe	{"rustfmt":"test-pass","rls":"test-pass","miri":"build-fail","clippy-driver":"build-fail"}
560a2f4faf4828ba5f48fe2bd7709265c2f5354d	{"miri":"build-fail","rustfmt":"test-pass","rls":"test-pass","clippy-driver":"build-fail"}
b8f2674ea47f4f3cf5d90d0428bf8b8025d7f8d8	{"miri":"build-fail","rustfmt":"test-pass","rls":"test-pass","clippy-driver":"build-fail"}
fb4d05e0e9c83a68626168b86e0fd26fc3aa736d	{"rls":"test-pass","clippy-driver":"build-fail","miri":"build-fail","rustfmt":"test-pass"}
ee8dbd216863f3715fbf98ccaf089afa713ae737	{"miri":"build-fail","clippy-driver":"build-fail","rustfmt":"test-pass","rls":"test-pass"}
ea12f5bc01088b5f771b8a2733845c103e23f96d	{"rustfmt":"test-pass","miri":"build-fail","clippy-driver":"build-fail","rls":"test-pass"}
8ffa119abdc6290be864cad373cd4f7c1a16f76e	{"rustfmt":"test-pass","miri":"build-fail","rls":"test-pass","clippy-driver":"build-fail"}
def3269a71be2e737cad27418a3dad9f5bd6cd32	{"miri":"build-fail","rustfmt":"test-pass","clippy-driver":"build-fail","rls":"test-pass"}
fe7e1a45f37f4265434cead827f587e75412f85c	{"rustfmt":"test-pass","miri":"build-fail","rls":"test-pass","clippy-driver":"build-fail"}
0d651eee7b97e2035fcae1dba02a77a767923556	{"rls":"test-pass","clippy-driver":"build-fail","rustfmt":"test-pass","miri":"build-fail"}
9712a3319ba284f218145d17a162b150d896623d	{"rustfmt":"test-pass","clippy-driver":"build-fail","rls":"test-pass","miri":"build-fail"}
da5ba141cc30f1aa818d9bca01a0f91671fe5347	{"clippy-driver":"build-fail","rls":"test-pass","rustfmt":"test-pass","miri":"build-fail"}
90eb44a5897c39e3dff9c7e48e3973671dcd9496	{"rustfmt":"test-pass","miri":"build-fail","clippy-driver":"build-fail","rls":"test-pass"}
a242a34462f1d3e553e5d0111bbe21a32686c1dd	{"miri":"build-fail","clippy-driver":"build-fail","rls":"test-pass","rustfmt":"test-pass"}
16c3ff6066a7b52e232b1fc49d33a1b1b3e8cf3d	{"clippy-driver":"build-fail","rustfmt":"test-pass","miri":"build-fail","rls":"test-pass"}
70f7d5842f29d4900f24420b030f144d21f3c5fc	{"rls":"test-pass","miri":"build-fail","rustfmt":"test-pass","clippy-driver":"build-fail"}
bcd0546cf7775c47661af9c59372cd89a7e974b0	{"rls":"test-pass","rustfmt":"test-pass","clippy-driver":"build-fail","miri":"build-fail"}
679f30e1aac510082b0fd3a2b5465321753aa7d1	{"miri":"build-fail","rustfmt":"test-pass","clippy-driver":"build-fail","rls":"test-pass"}
b7d4de9edf202b3a9cd889bf038ee663aecaf573	{"miri":"build-fail","rls":"test-pass","rustfmt":"test-pass","clippy-driver":"build-fail"}
385ef1514c80fb8c0cb061dc69eb1d953a84e2b3	{"clippy-driver":"build-fail","miri":"build-fail","rls":"test-pass","rustfmt":"test-pass"}
21882aad7299e8e859785845ac12374990f24dae	{"rustfmt":"test-pass","clippy-driver":"build-fail","miri":"build-fail","rls":"test-pass"}
771873c84137842c78cfc39625613b95867d21ef	{"miri":"build-fail","rustfmt":"test-pass","clippy-driver":"build-fail","rls":"test-pass"}
5e7fd65419384e5322fe18d3c6ea37e59860a9bc	{"miri":"build-fail","rls":"test-pass","rustfmt":"test-pass","clippy-driver":"build-fail"}
0119b44270243db7479ea946bb0cdd5522c351b6	{"rls":"test-pass","clippy-driver":"build-fail","miri":"build-fail","rustfmt":"test-pass"}
7046a406232695b581579f8e2468601260ea2199	{"miri":"build-fail","rustfmt":"test-pass","clippy-driver":"build-fail","rls":"test-pass"}
87990a119aa1ce77f294253cde836518870b8032	{"rls":"test-pass","miri":"build-fail","clippy-driver":"build-fail","rustfmt":"test-pass"}
6beb06ee5ef6f031aab7586211f1818d346033d6	{"rls":"test-pass","clippy-driver":"build-fail","rustfmt":"test-pass","miri":"build-fail"}
18342df22280960f92de0275308455030489f6c5	{"rustfmt":"test-pass","clippy-driver":"build-fail","miri":"build-fail","rls":"test-pass"}
7d6e5b9da0865fbc9fa54edb324fefe80f358da7	{"rls":"test-pass","clippy-driver":"build-fail","miri":"build-fail","rustfmt":"test-pass"}
4349bc51453d0c74495589c8036622a9b1a05726	{"rls":"test-pass","clippy-driver":"build-fail","miri":"build-fail","rustfmt":"test-pass"}
9f95bf37e2e7cc237a6c4ee38cdb24a5dda56a52	{"rustfmt":"test-pass","rls":"test-pass","miri":"build-fail","clippy-driver":"build-fail"}
6b99adeb11313197f409b4f7c4083c2ceca8a4fe	{"rustfmt":"test-pass","rls":"test-pass","miri":"build-fail","clippy-driver":"build-fail"}
6272b60dcaae2e69c991fc64cfb2e403c8a616a3	{"miri":"build-fail","rustfmt":"test-pass","clippy-driver":"build-fail","rls":"test-pass"}
258ebe61d288ff55268d15ce0aba4a2e347d851b	{"rustfmt":"test-pass","miri":"build-fail","rls":"test-pass","clippy-driver":"build-fail"}
5c41fcec4cd6e76180edb088a48914aa71612e5d	{"rls":"test-pass","miri":"build-fail","clippy-driver":"build-fail","rustfmt":"test-pass"}
4843caff090348d0b2c36662a6c737529a897a9c	{"miri":"build-fail","rustfmt":"test-pass","clippy-driver":"build-fail","rls":"test-pass"}
83389e2f86e14c4ef0119320993d44990c7d47a9	{"rustfmt":"test-pass","miri":"build-fail","rls":"test-pass","clippy-driver":"build-fail"}
bacb5c58dfdde7c35e99b2b0d8171238cc33cf6c	{"miri":"build-fail","rls":"test-pass","clippy-driver":"build-fail","rustfmt":"test-pass"}
a97cd17f5d71fb4ec362f4fbd79373a6e7ed7b82	{"rustfmt":"test-pass","miri":"build-fail","clippy-driver":"build-fail","rls":"test-pass"}
903f08a579842c08da8a6e5431bbb79251c87cb5	{"rustfmt":"test-pass","miri":"build-fail","clippy-driver":"build-fail","rls":"test-pass"}
ab934036b5690699f28ffda598c536f17be67d87	{"rustfmt":"test-pass","rls":"test-pass","miri":"build-fail","clippy-driver":"build-fail"}
566905030380151f90708fa340312c9ca2c6056c	{"rls":"test-pass","miri":"build-fail","clippy-driver":"build-fail","rustfmt":"test-pass"}
a0ca4f45dcedac30b35071257efbb71a7d38d324	{"clippy-driver":"build-fail","miri":"build-fail","rls":"build-fail","rustfmt":"test-pass"}
0df7443b7365e044c361d0480900b719ffbbec05	{"rustfmt":"test-pass","clippy-driver":"build-fail","miri":"build-fail","rls":"build-fail"}
9fd7da904b46ff7aa78c2e2cc1986c4975aeccc6	{"clippy-driver":"build-fail","rls":"build-fail","miri":"build-fail","rustfmt":"test-pass"}
ddda30f3ef8584d99fc2abc1e087251be454d320	{"rustfmt":"test-pass","rls":"build-fail","clippy-driver":"build-fail","miri":"build-fail"}
4cf26f8a133039bfeb5b9f684df9f547278db206	{"rls":"build-fail","clippy-driver":"build-fail","rustfmt":"test-pass","miri":"build-fail"}
247835aacbf9ef743930b6412c7c7b09dc41aa0c	{"rls":"build-fail","clippy-driver":"build-fail","rustfmt":"test-pass","miri":"build-fail"}
a0a9007f8d28234086f33c425bb996acd646bd14	{"miri":"build-fail","rls":"build-fail","clippy-driver":"build-fail","rustfmt":"test-pass"}
e86fd3fb77f10efbb172f185629bc1b83779e6e5	{"miri":"build-fail","rustfmt":"test-pass","clippy-driver":"build-fail","rls":"build-fail"}
65ffb2deb981432d5f5405b530ed479655fbaae0	{"clippy-driver":"build-fail","miri":"build-fail","rustfmt":"test-pass","rls":"build-fail"}
1388ece27b990927197a4e67b43f9460ed08c872	{"rls":"build-fail","rustfmt":"test-pass","clippy-driver":"build-fail","miri":"build-fail"}
a0dcecff90c45ad5d4eb60859e22bb3f1b03842a	{"miri":"build-fail","rls":"build-fail","clippy-driver":"build-fail","rustfmt":"test-pass"}
9758ff9c0bd812135304385a48135a93372c3ec2	{"rls":"build-fail","clippy-driver":"build-fail","miri":"build-fail","rustfmt":"test-pass"}
a538fe7ce715c7bd27e2e05329c3d857b9ad92af	{"miri":"build-fail","clippy-driver":"build-fail","rls":"build-fail","rustfmt":"test-pass"}
fdecb0564b86f6876124903a05e590e929532039	{"rls":"build-fail","rustfmt":"test-pass","clippy-driver":"build-fail","miri":"build-fail"}
4e3901d35f6a8652f67111e7272263c9e62ab3e1	{"rustfmt":"test-pass","rls":"build-fail","miri":"build-fail","clippy-driver":"build-fail"}
3a39b2aa5a68dd07aacab2106db3927f666a485a	{"clippy-driver":"build-fail","rls":"build-fail","rustfmt":"test-pass","miri":"build-fail"}
5146773822e2b46c8a672605358b1e890f73875d	{"miri":"build-fail","rustfmt":"test-pass","rls":"build-fail","clippy-driver":"build-fail"}
48a7ea9c4095e3218df39832dfc51a456534ecc9	{"miri":"build-fail","rls":"build-fail","clippy-driver":"build-fail","rustfmt":"test-pass"}
5032e43715dcc3167d88f215c408594d9128dd3a	{"rls":"build-fail","miri":"build-fail","rustfmt":"test-pass","clippy-driver":"build-fail"}
47a8eb7c4e24b61a8a9ab4eaff60ef65291aaa56	{"rls":"build-fail","clippy-driver":"build-fail","miri":"build-fail","rustfmt":"test-pass"}
ae920dcc98c9b18b38aac03367f7f1cd6dce7d2d	{"rustfmt":"test-pass","rls":"build-fail","clippy-driver":"build-fail","miri":"build-fail"}
2386e4c2cb5244361e4c5a7e6efd5acd18b6ec04	{"clippy-driver":"build-fail","rustfmt":"test-pass","miri":"build-fail","rls":"build-fail"}
91b60a242b8f9b01727d304d26368d2255deb4b3	{"clippy-driver":"build-fail","rustfmt":"test-pass","rls":"build-fail","miri":"build-fail"}
fdc18b3067b5bad257ccbe7400e3c4fb617e9e18	{"rls":"build-fail","miri":"build-fail","rustfmt":"test-pass","clippy-driver":"build-fail"}
b887317da6ba0f70b34c0439ade8508e1b525fb0	{"rustfmt":"test-pass","rls":"build-fail","miri":"build-fail","clippy-driver":"build-fail"}
bc072ed0ca8e2e9f8c79fb04e85b47b5c0e8d6ae	{"rls":"build-fail","clippy-driver":"build-fail","rustfmt":"test-pass","miri":"build-fail"}
eabb46a2351fab39802b4ad72bce00c5d83063f5	{"rls":"build-fail","rustfmt":"test-pass","clippy-driver":"build-fail","miri":"build-fail"}
ff2a7c85757542f454934e00605355bbca7bc196	{"rustfmt":"test-pass","clippy-driver":"build-fail","miri":"build-fail","rls":"build-fail"}
97520ccb101609af63f29919bb0a39115269c89e	{"rls":"build-fail","rustfmt":"test-pass","miri":"build-fail","clippy-driver":"build-fail"}
b2ac6b643cc580bc3ed63715c69242332b9dcc9a	{"clippy-driver":"build-fail","rustfmt":"test-pass","rls":"build-fail","miri":"build-fail"}
3001ab10b96dd495f4c579936a592dc993388568	{"rls":"build-fail","clippy-driver":"build-fail","miri":"build-fail","rustfmt":"test-pass"}
9368a1e3e2b5f27438754c149948a877edbcd767	{"clippy-driver":"build-fail","rustfmt":"test-pass","rls":"build-fail","miri":"build-fail"}
8d3e93beae9562f8b32b7f82c3824389f6ac5bad	{"rls":"test-pass","miri":"build-fail","clippy-driver":"build-fail","rustfmt":"test-pass"}
b85aefbc601b1fe89b4989c623305eb1def8e0e7	{"rustfmt":"test-pass","rls":"test-pass","clippy-driver":"build-fail","miri":"build-fail"}
3d56b33eff02bb3409c484d9aa8756487429438b	{"miri":"build-fail","clippy-driver":"build-fail","rls":"test-pass","rustfmt":"test-pass"}
0af40b6d4ae09033e76cd07439cfff2dd5469ed2	{"clippy-driver":"build-fail","rustfmt":"test-pass","rls":"test-pass","miri":"build-fail"}
3153d4a27cf582356da0bb5a2190c7bebd150372	{"rustfmt":"test-pass","miri":"build-fail","clippy-driver":"build-fail","rls":"build-fail"}
15a1e2844dfea7850be5c6c901b67ceff370b0eb	{"clippy-driver":"build-fail","rls":"test-pass","miri":"build-fail","rustfmt":"test-pass"}
bdda8d61151a91fcc95b059918dd834c8e7ac09e	{"rustfmt":"test-pass","rls":"test-pass","clippy-driver":"build-fail","miri":"build-fail"}
9aa40b03fc16ae5be16017d06284cc426ab57c03	{"rls":"build-fail","clippy-driver":"build-fail","rustfmt":"test-pass","miri":"build-fail"}
ff9b6a67944c6a6c79e175c36530d19d3961c8c2	{"rustfmt":"test-pass","miri":"build-fail","clippy-driver":"build-fail","rls":"test-pass"}
46c78064e2826983f253876ebf87105bec0dc832	{"clippy-driver":"build-fail","rls":"test-pass","rustfmt":"test-pass","miri":"build-fail"}
026a603f8ae4c2c3f20cfe72b4ba6cf779c93fc7	{"rls":"test-pass","miri":"build-fail","rustfmt":"test-pass","clippy-driver":"build-fail"}
816d765716f25b0008049d89a0e41f0a48d03c78	{"rustfmt":"test-pass","miri":"build-fail","rls":"test-pass","clippy-driver":"build-fail"}
abe7ad89c834d6952cefaa3171e3548cfbbbdb6e	{"rustfmt":"test-pass","rls":"test-pass","clippy-driver":"build-fail","miri":"build-fail"}
0b574b519c158f160bcc9078c3fc693a7bee22ec	{"rls":"test-pass","clippy-driver":"build-fail","rustfmt":"test-pass","miri":"build-fail"}
a7b8622e0e3225de249ca919f675bed57e833f45	{"clippy-driver":"build-fail","miri":"build-fail","rustfmt":"test-pass","rls":"test-pass"}
c75f68ca414269a3de08c9963657fc2b37a078b1	{"rustfmt":"test-pass","rls":"test-pass","miri":"build-fail","clippy-driver":"build-fail"}
5965b790142eff7a8546e947914e7a8e00c61575	{"rls":"test-pass","miri":"build-fail","clippy-driver":"build-fail","rustfmt":"test-pass"}
b71cbd8443990efa2b697f7eedfd825fd3f7b0b1	{"rustfmt":"test-pass","rls":"test-pass","clippy-driver":"build-fail","miri":"build-fail"}
10333dde82b03c7df2620f742596d3e7714f9e25	{"rustfmt":"build-fail","clippy-driver":"build-fail","rls":"build-fail","miri":"build-fail"}
9af8d42ec79558225043189e429e9d652ff89eab	{"rustfmt":"build-fail","clippy-driver":"build-fail","rls":"build-fail","miri":"build-fail"}
f703782c49196ffa110c97ad262a8498570b5e0a	{"clippy-driver":"build-fail","rls":"test-pass","miri":"build-fail","rustfmt":"test-pass"}
3bd4af88bea2e6ecdd3455ed89b3ef1fc3500aa4	{"clippy-driver":"build-fail","rustfmt":"build-fail","rls":"build-fail","miri":"build-fail"}
44afd76788df1a63fcd3fe19815eb28dbe9c2bf7	{"clippy-driver":"build-fail","rls":"build-fail","rustfmt":"build-fail","miri":"build-fail"}
0f9c784751434c70ddd6719ccda6817c819126f9	{"miri":"build-fail","rustfmt":"build-fail","rls":"build-fail","clippy-driver":"build-fail"}
6007a4d516f93668169ea37b16720e05ac9412e3	{"rls":"build-fail","clippy-driver":"build-fail","miri":"build-fail","rustfmt":"build-fail"}
3e49ada7528bf664b2ccc8516a9ef7d21849a70b	{"rls":"build-fail","miri":"build-fail","clippy-driver":"build-fail","rustfmt":"build-fail"}
2d3558e996e90c1d04caa3c09e71335acf240f8e	{"rls":"build-fail","rustfmt":"build-fail","miri":"build-fail","clippy-driver":"build-fail"}
a6c95cd85ab8f4861d1a31887e821f69b3d7d3a2	{"miri":"build-fail","clippy-driver":"build-fail","rls":"build-fail","rustfmt":"build-fail"}
047132dc002230f7209b8946c22599f17fe062c6	{"miri":"build-fail","rls":"build-fail","clippy-driver":"build-fail","rustfmt":"build-fail"}
3f82c9163c4728c7f540ca89c4cedb35ce13804b	{"rls":"build-fail","miri":"build-fail","rustfmt":"build-fail","clippy-driver":"build-fail"}
db1abf855127da96e6ca564038b63b5a9d62ac82	{"miri":"build-fail","clippy-driver":"build-fail","rustfmt":"build-fail","rls":"build-fail"}
da569fa9ddf8369a9809184d43c600dc06bd4b4d	{"rls":"build-fail","miri":"build-fail","rustfmt":"build-fail","clippy-driver":"build-fail"}
a1fd7bd31f52f549343bb2406c1d1bc46efe31b1	{"rustfmt":"build-fail","rls":"build-fail","clippy-driver":"build-fail","miri":"build-fail"}
79a521bb9a8ace1a6663578a4c409906adde620d	{"rustfmt":"build-fail","miri":"build-fail","rls":"build-fail","clippy-driver":"build-fail"}
57850e53602bfc1f66a12d20299c938925c1986a	{"rustfmt":"build-fail","clippy-driver":"build-fail","rls":"build-fail","miri":"build-fail"}
32ce722191e53afd99ef781c847fd67d2f8a467c	{"clippy-driver":"build-fail","rls":"build-fail","rustfmt":"build-fail","miri":"build-fail"}
8ff449d505728276e822ca9a80c1e7b2da8288a2	{"miri":"build-fail","rls":"build-fail","clippy-driver":"build-fail","rustfmt":"build-fail"}
5dce2fd043abdda302bc45ff378c63f832ffff76	{"rustfmt":"build-fail","clippy-driver":"build-fail","rls":"build-fail","miri":"build-fail"}
bb345a0be3ba3fa1970fe02789791c5c72788d8f	{"rls":"build-fail","rustfmt":"build-fail","clippy-driver":"build-fail","miri":"build-fail"}
dc272c3d75e1592cdc401cbc832fd508368c64db	{"rls":"build-fail","rustfmt":"build-fail","clippy-driver":"build-fail","miri":"build-fail"}
428f9ad988428900e46fb178ae387ca09dd3396e	{"rls":"build-fail","miri":"build-fail","clippy-driver":"build-fail","rustfmt":"build-fail"}
3f92e8d89861f0f5408ad9381a7467ec6e7d76bc	{"miri":"build-fail","clippy-driver":"build-fail","rustfmt":"build-fail","rls":"build-fail"}
adc9d86363e0997f8378ea0260dfec3a9d09bcf0	{"miri":"build-fail","rustfmt":"build-fail","clippy-driver":"build-fail","rls":"build-fail"}
5d6f6e65ffb61a7acec28f1a08491de321e32be5	{"miri":"build-fail","rustfmt":"build-fail","clippy-driver":"build-fail","rls":"build-fail"}
48ab4cde5460f9f7c57249e4e62ad569dc843dd8	{"rustfmt":"build-fail","miri":"build-fail","rls":"build-fail","clippy-driver":"build-fail"}
fd0f29237c9562efef25fb30f03df24edb1e2042	{"rls":"build-fail","rustfmt":"build-fail","miri":"build-fail","clippy-driver":"build-fail"}
b762c2d9dd47e75905cdeae6bef81a745f09534c	{"rustfmt":"build-fail","clippy-driver":"build-fail","rls":"build-fail","miri":"build-fail"}
80e2e67f4c6fbbef5e4789df7fc96804e6a84196	{"rustfmt":"build-fail","rls":"build-fail","clippy-driver":"build-fail","miri":"build-fail"}
cf4c3cbe5524608fd3a8fcd626f3c73223022be7	{"miri":"build-fail","rls":"build-fail","rustfmt":"build-fail","clippy-driver":"build-fail"}
83933abf871db52564d7d60790f6e9d0188c0de6	{"miri":"build-fail","clippy-driver":"build-fail","rustfmt":"build-fail","rls":"build-fail"}
e6072a7b3835f1875e81c9fd27799f9b20a0770c	{"rustfmt":"test-pass","clippy-driver":"build-fail","miri":"build-fail","rls":"test-pass"}
9b2f8ac29eca4a42c35ce32b13231fcc1f9a3c9d	{"clippy-driver":"build-fail","rustfmt":"test-pass","miri":"build-fail","rls":"test-pass"}
ca092937aa43f7ad166f67bf4eb96753293e56f9	{"miri":"build-fail","rls":"test-pass","rustfmt":"test-pass","clippy-driver":"build-fail"}
6cf081c8c54e92702f350fa30d77561540324401	{"rls":"test-pass","rustfmt":"test-pass","clippy-driver":"build-fail","miri":"build-fail"}
6eff103aa1f93cbc07b1e5684e695635993c9752	{"clippy-driver":"build-fail","rls":"test-pass","rustfmt":"test-pass","miri":"build-fail"}
51b0b3734cbd0ca58c8be3512d53fce2d95f40dd	{"clippy-driver":"build-fail","miri":"build-fail","rustfmt":"test-pass","rls":"test-pass"}
10f60a58475b7bec6ed1e4d9db6c657230ac96d1	{"miri":"build-fail","rustfmt":"test-pass","rls":"build-fail","clippy-driver":"build-fail"}
58ecb4753c7dd25cc51cd630f25e2d5fe0b296a5	{"miri":"build-fail","rustfmt":"test-pass","rls":"test-pass","clippy-driver":"build-fail"}
620db9f4cd39921164a4d1005fd23ae08a12deda	{"rustfmt":"test-pass","clippy-driver":"build-fail","miri":"build-fail","rls":"test-pass"}
0b90e4e8cd068910f604f3e1fb5d03cc01f1658f	{"rls":"test-pass","rustfmt":"test-pass","miri":"build-fail","clippy-driver":"build-fail"}
712e7557be56520541779655d067125a52fc7f32	{"miri":"build-fail","rustfmt":"test-pass","clippy-driver":"build-fail","rls":"test-pass"}
4fe857de3f29425efe7ef47666d7a6329df2afca	{"rls":"test-pass","miri":"build-fail","clippy-driver":"build-fail","rustfmt":"test-pass"}
27270e668748e716bf3eb052ebe2e6ec4b10db37	{"miri":"build-fail","rls":"test-pass","rustfmt":"test-pass","clippy-driver":"build-fail"}
73ac5d6a80f26c692f1e084b72d69637d7de2c8c	{"miri":"build-fail","rustfmt":"test-pass","clippy-driver":"build-fail","rls":"test-pass"}
12b5c2dbb77cd6bb2e2b1ec6dff5a59d3832b7e3	{"clippy-driver":"build-fail","miri":"build-fail","rustfmt":"test-pass","rls":"test-pass"}
7c6a159da3c32bcb06f13c00f8019df29037282b	{"rustfmt":"test-pass","clippy-driver":"build-fail","rls":"test-pass","miri":"build-fail"}
619ced057842a25f8700237a9c22a6f5c318a954	{"clippy-driver":"build-fail","miri":"build-fail","rls":"test-pass","rustfmt":"test-pass"}
c9c29807362b52dcf8e7736e0925233c2526aa18	{"rls":"test-pass","clippy-driver":"build-fail","miri":"build-fail","rustfmt":"test-pass"}
dd0b8f8e5ab01926bc6eb77123c435eaa6d99d1a	{"rustfmt":"test-pass","rls":"test-pass","miri":"build-fail","clippy-driver":"build-fail"}
3686fc73958238f97ba6d75735017e14a7c6cbc8	{"rustfmt":"test-pass","miri":"build-fail","clippy-driver":"build-fail","rls":"test-pass"}
f62f774035735a06c880c48c0b9017fcc0577e33	{"miri":"build-fail","clippy-driver":"build-fail","rls":"test-pass","rustfmt":"test-pass"}
9959d8a3275c5cbb39683f439b369058f2dccbdc	{"miri":"build-fail","rustfmt":"test-pass","rls":"test-pass","clippy-driver":"build-fail"}
27ede55414e01f13c6869a8763da207e544cc6ad	{"clippy-driver":"build-fail","rustfmt":"test-pass","miri":"build-fail","rls":"test-pass"}
92c32d2d8ca4dc7fb8ddf9296580b0c573350c6a	{"miri":"build-fail","clippy-driver":"build-fail","rls":"test-pass","rustfmt":"test-pass"}
107e65ec019ce1654d50e415dbbf742f7f1a5e15	{"rls":"test-pass","miri":"build-fail","rustfmt":"test-pass","clippy-driver":"build-fail"}
8fafc5b553f0a1df77b6ab307e2eeb56a8365ac7	{"rustfmt":"test-pass","miri":"build-fail","clippy-driver":"build-fail","rls":"test-pass"}
52a9637bf87b98d1110e48c65f7507fc232f8440	{"miri":"build-fail","rls":"test-pass","rustfmt":"test-pass","clippy-driver":"build-fail"}
61452e506f0c88861cccaeea4ced3419bdb3cbe0	{"rls":"test-pass","rustfmt":"test-pass","miri":"build-fail","clippy-driver":"build-fail"}
9f9ba8a5bf0182a0009f6fb71c8b5374be3123c0	{"rustfmt":"test-pass","clippy-driver":"build-fail","rls":"test-pass","miri":"build-fail"}
f67c277525fa3fd4fad5624b058b411ee495e1ff	{"clippy-driver":"build-fail","rls":"test-pass","rustfmt":"test-pass","miri":"build-fail"}
2e33c89ff1518359c4bd5fbed1571ea00cb3b146	{"rustfmt":"test-pass","clippy-driver":"build-fail","rls":"test-pass","miri":"build-fail"}
74966b5cb84934737d21bd9001db07bd93fa5d64	{"miri":"build-fail","rls":"test-pass","clippy-driver":"build-fail","rustfmt":"test-fail"}
72c51266f24476d376160243aed05d1f36fae8cc	{"rustfmt":"test-fail","rls":"test-pass","clippy-driver":"build-fail","miri":"build-fail"}
2248d5bd75c53328bb3370f72a3afc34860aa3d6	{"rustfmt":"test-fail","miri":"build-fail","rls":"test-pass","clippy-driver":"build-fail"}
767b40396b16815dbe8a05d5be0b76f0835d6d00	{"clippy-driver":"build-fail","rls":"test-pass","rustfmt":"test-fail","miri":"build-fail"}
c209f5732166b39a97ae1859510c0fe7d124e13c	{"clippy-driver":"build-fail","rustfmt":"test-fail","rls":"test-pass","miri":"build-fail"}
b5392f54503fdaf04df4b9578510b2baa944f4af	{"miri":"build-fail","rls":"test-pass","rustfmt":"test-fail","clippy-driver":"build-fail"}
0dd43d7a6794e3f5aeb9d4559cbea953e48ede21	{"miri":"build-fail","rls":"test-pass","clippy-driver":"build-fail","rustfmt":"test-fail"}
30105f8d4ffe1f55e3a9a896abb576cc3e3f3625	{"rustfmt":"test-fail","rls":"test-pass","clippy-driver":"build-fail","miri":"build-fail"}
1b193de98af5b8c6e2b50908ea64323b9095a1a4	{"clippy-driver":"build-fail","rustfmt":"test-fail","miri":"build-fail","rls":"test-pass"}
795594cd8ce3272bd6b1ebf7e1b7f33a5a86e3ac	{"rustfmt":"test-fail","rls":"test-pass","clippy-driver":"build-fail","miri":"build-fail"}
a29461f322974cd6ff2e7bf058588db2adf35228	{"rls":"test-pass","miri":"build-fail","rustfmt":"test-fail","clippy-driver":"build-fail"}
ee220daca345302c3277befee2732b6b2a5a711c	{"miri":"build-fail","rustfmt":"test-fail","rls":"test-pass","clippy-driver":"build-fail"}
9c663205a2b984f635c577d17a5729c9e1754843	{"clippy-driver":"build-fail","rustfmt":"test-fail","rls":"test-pass","miri":"build-fail"}
8724337c233f593e9961609d8b0855d0ec2357a0	{"rls":"test-pass","rustfmt":"test-fail","clippy-driver":"build-fail","miri":"build-fail"}
69f17d1a0a3c860e3f5d7e643a6c3f8aa2b638a6	{"miri":"build-fail","rustfmt":"test-fail","clippy-driver":"build-fail","rls":"test-pass"}
b950587afecc16280cf08a09d4d1df91a20b809c	{"miri":"build-fail","rustfmt":"test-fail","clippy-driver":"build-fail","rls":"test-pass"}
2148bcd5fa508d44c2c3517dccf8450a5984e315	{"rustfmt":"test-fail","clippy-driver":"build-fail","miri":"build-fail","rls":"test-pass"}
a704583d43dda19c2542845d8efd61bd4e1d82f1	{"miri":"build-fail","clippy-driver":"build-fail","rustfmt":"test-fail","rls":"test-pass"}
6828cf90146c7fefc4ba4f16dffe75f763f2d910	{"clippy-driver":"build-fail","rustfmt":"test-fail","rls":"test-pass","miri":"build-fail"}
6f360898bc47b930b1f8a2ffc0c1d61e5cc3e795	{"rustfmt":"test-fail","rls":"test-pass","miri":"build-fail","clippy-driver":"build-fail"}
72176cf96cb79a0ebf62972b76dbe68c933bef4d	{"miri":"build-fail","clippy-driver":"build-fail","rustfmt":"test-fail","rls":"test-pass"}
a9a03d9bfb0e82322439fe6c252ebd4ba6f23d98	{"rls":"test-pass","rustfmt":"test-fail","miri":"build-fail","clippy-driver":"build-fail"}
90e019bacd9e5d231e5292b393269ce7ada4940d	{"clippy-driver":"build-fail","rustfmt":"test-fail","miri":"build-fail","rls":"test-pass"}
fdc6ca44c37e58be4064f44977515c66f4e07262	{"clippy-driver":"build-fail","miri":"build-fail","rls":"test-pass","rustfmt":"test-fail"}
8d370ec908bf210266f1d9028a7c7a500cea45f0	{"miri":"build-fail","rls":"test-pass","clippy-driver":"build-fail","rustfmt":"test-fail"}
52ccf67a08c616959a3ff1fea81101a77a262acb	{"rls":"test-pass","rustfmt":"test-fail","miri":"build-fail","clippy-driver":"build-fail"}
327698fa01818686d58502a0206805981a32e53a	{"rustfmt":"test-fail","rls":"test-pass","miri":"build-fail","clippy-driver":"build-fail"}
3dabf28fadecd61801897fcbbcdb482a57d810e9	{"rls":"test-pass","miri":"build-fail","clippy-driver":"build-fail","rustfmt":"test-fail"}
e08d3784f6fcdfd30b5612c1a876fc3a4ecf0a50	{"rls":"test-pass","miri":"build-fail","clippy-driver":"build-fail","rustfmt":"test-fail"}
b98fd524eca6dca5c4788f0d20becb10e099b876	{"clippy-driver":"build-fail","rustfmt":"test-fail","miri":"build-fail","rls":"test-pass"}
dd582ac38ec066859334061e71faf2631220d98b	{"clippy-driver":"build-fail","rustfmt":"test-fail","rls":"test-pass","miri":"build-fail"}
0a5fc4989725478f31e5fb218e16caf8bb5d0230	{"miri":"build-fail","rustfmt":"test-fail","rls":"test-pass","clippy-driver":"build-fail"}
8a11b8cdd7cc7214c2bb9e77a6c961dd4dad9b7c	{"rustfmt":"test-fail","clippy-driver":"build-fail","rls":"test-pass","miri":"build-fail"}
5e66887fedefcae51ebf3beacefb0ded007700b1	{"rustfmt":"test-fail","rls":"test-pass","miri":"build-fail","clippy-driver":"build-fail"}
0869c5bde977f48d470ead746106030fb40eb98e	{"rustfmt":"test-fail","clippy-driver":"build-fail","miri":"build-fail","rls":"test-pass"}
04440cf853e3e16e5b942e38a9e880e93c6b139c	{"rustfmt":"test-fail","miri":"build-fail","rls":"test-pass","clippy-driver":"build-fail"}
4fd62f2eaf2ec75b4a45430c20f8304ecb5005c9	{"miri":"build-fail","rls":"test-pass","rustfmt":"test-fail","clippy-driver":"build-fail"}
8e7a609e635b728eba65d471c985ab462dc4cfc7	{"miri":"build-fail","rustfmt":"test-fail","rls":"test-pass","clippy-driver":"build-fail"}
4cd918c4caf90ef87d687c02f23b06c581054de3	{"rustfmt":"test-fail","miri":"build-fail","rls":"test-pass","clippy-driver":"build-fail"}
78f24d86b84882a02c15f27768e831d0342a3f5d	{"miri":"build-fail","rls":"test-pass","clippy-driver":"build-fail","rustfmt":"test-fail"}
608aae904b14efd09b4f95d9f4c3f030e6a34f95	{"rls":"test-pass","rustfmt":"test-fail","clippy-driver":"build-fail","miri":"build-fail"}
681c86ad0f7ce4158656a312031b47151ff87c24	{"rustfmt":"test-fail","miri":"build-fail","rls":"test-pass","clippy-driver":"build-fail"}
a48c0980b61fdac7ee026c9e34a7d47e1d6fafcd	{"rustfmt":"test-fail","rls":"test-pass","miri":"build-fail","clippy-driver":"build-fail"}
0a3761e63e5961ddd6ae5b9923e7a3c0725541f8	{"miri":"build-fail","rls":"test-pass","rustfmt":"test-fail","clippy-driver":"build-fail"}
d96cc6e2865ff2cc77f061ae97e58aae50f5a1e9	{"clippy-driver":"build-fail","miri":"build-fail","rls":"test-pass","rustfmt":"test-fail"}
8d1a30289ea13c433a92e31627f8533350835328	{"miri":"build-fail","rustfmt":"test-fail","clippy-driver":"build-fail","rls":"test-pass"}
b107f720e5422bff4fa0671e54ff5458f682f603	{"clippy-driver":"build-fail","rustfmt":"test-fail","rls":"test-pass","miri":"build-fail"}
b8934399a85b67213f2593abb04a7e9be42df675	{"miri":"build-fail","rustfmt":"test-fail","rls":"test-pass","clippy-driver":"build-fail"}
0f4ebf9f0a3196420e25cf1558b49ea3f38643c4	{"rustfmt":"test-fail","miri":"build-fail","clippy-driver":"build-fail","rls":"test-pass"}
10f980c9f3977872cf1fddb6a4e9986d945c2bbd	{"miri":"build-fail","rustfmt":"test-pass","rls":"test-pass","clippy-driver":"build-fail"}
85eae88949afb82a9f87b6a25ce65508f34313bf	{"miri":"build-fail","rustfmt":"test-pass","clippy-driver":"build-fail","rls":"test-pass"}
687d3d15ba726dbb1ac6b85223ebe0e98c6820cc	{"rustfmt":"test-pass","clippy-driver":"build-fail","miri":"build-fail","rls":"test-pass"}
a37126b90cc9373420e92cebddb4b62d3ded16e1	{"rustfmt":"test-pass","clippy-driver":"build-fail","miri":"build-fail","rls":"test-pass"}
5873a74d8f8bceeb15a689a8fd6bd1f22c42b6ba	{"rustfmt":"test-pass","rls":"test-pass","clippy-driver":"build-fail","miri":"build-fail"}
fd1fe079a26b951f623508cbea3d79b309afa2aa	{"rls":"test-pass","miri":"build-fail","rustfmt":"test-pass","clippy-driver":"build-fail"}
b9cf26c38acf60fb1d7d88d914a22824b82ed829	{"rustfmt":"test-pass","clippy-driver":"build-fail","rls":"test-pass","miri":"build-fail"}
b65f0bedd2f22d9661ecb7092f07746dc2ccfb0d	{"clippy-driver":"build-fail","rustfmt":"test-pass","miri":"build-fail","rls":"test-pass"}
5deba220d4c42b5313d7e71731ce5e8698866684	{"rustfmt":"test-pass","miri":"build-fail","rls":"test-pass","clippy-driver":"build-fail"}
d5f2745e7ccd247da50f0cb18318ac477e5bccbf	{"clippy-driver":"build-fail","rls":"test-pass","miri":"build-fail","rustfmt":"test-pass"}
bc1dda43ecef0a83ea1d3b92159a8848d2d99b82	{"miri":"build-fail","clippy-driver":"build-fail","rls":"test-pass","rustfmt":"test-pass"}
1bcc6dc7ea430b7d403a57f60e48b3c3cdfcf562	{"miri":"build-fail","rls":"test-pass","clippy-driver":"build-fail","rustfmt":"test-pass"}
f3ca88cff7dc397f409f561321ee3c4021c05436	{"clippy-driver":"build-fail","rls":"test-pass","miri":"build-fail","rustfmt":"test-pass"}
037bc651e56ca0bb92c053b31b87db5fa0dda22c	{"rls":"test-pass","miri":"build-fail","clippy-driver":"build-fail","rustfmt":"test-pass"}
ad30f5476df401abcab4c28f482091bb6d68e866	{"miri":"build-fail","rls":"test-pass","rustfmt":"test-pass","clippy-driver":"build-fail"}
9389e23a8a754097e233c7bf3ea1bb404ccf1075	{"miri":"build-fail","rustfmt":"test-pass","rls":"test-pass","clippy-driver":"build-fail"}
8c5941896248802d57e73a1fc9adbca5869f1fa1	{"rls":"test-pass","clippy-driver":"build-fail","miri":"build-fail","rustfmt":"test-pass"}
885011ef1fd8fbe8c5be50a0713c03c980772be3	{"clippy-driver":"build-fail","rls":"test-pass","miri":"build-fail","rustfmt":"test-pass"}
e03742368f266d4ca1626fa674c47ee2e165a00e	{"rustfmt":"test-pass","miri":"build-fail","clippy-driver":"build-fail","rls":"test-pass"}
a18dea908ca2a89cc1c7f4b0416924382ca145e6	{"clippy-driver":"build-fail","rls":"test-pass","miri":"build-fail","rustfmt":"test-pass"}
2d74ce292ef067dc280046b7a43f89c1c711d005	{"clippy-driver":"build-fail","rustfmt":"test-pass","rls":"test-pass","miri":"build-fail"}
54d7285a349a3558755a31bba5682d7618b66967	{"rls":"test-pass","rustfmt":"test-pass","clippy-driver":"build-fail","miri":"build-fail"}
7025aea940b8ac199e35a0ea197914848e5b81b9	{"miri":"build-fail","rls":"test-pass","clippy-driver":"build-fail","rustfmt":"test-pass"}
3f916bd3029262e2270dfbafb9ab045927499abd	{"rls":"test-pass","clippy-driver":"build-fail","rustfmt":"test-pass","miri":"build-fail"}
0296b7165bfa633b06a3af6e690c4ccd33d0ea28	{"rustfmt":"test-pass","rls":"test-pass","clippy-driver":"build-fail","miri":"build-fail"}
35681fbc76142856a3475691c042ddec8dec31c5	{"rls":"test-pass","miri":"build-fail","clippy-driver":"build-fail","rustfmt":"test-pass"}
2dad872a2dae12b882cd73536a66c9289a2b65ae	{"miri":"build-fail","rustfmt":"test-pass","clippy-driver":"build-fail","rls":"test-pass"}
1a7a5b5e38020f68d5cf376659f9d8d2ed8cc75e	{"clippy-driver":"build-fail","rustfmt":"test-pass","miri":"build-fail","rls":"test-pass"}
f0e5c953e4be3b5aee49cdcc0b1c244681392961	{"clippy-driver":"build-fail","rls":"test-pass","miri":"build-fail","rustfmt":"test-pass"}
b55879558ea1bfed76ba4b21a80ae5f3f5d40f1b	{"clippy-driver":"build-fail","miri":"build-fail","rls":"build-fail","rustfmt":"build-fail"}
b889e175a36bf1d4bf371769bd3a0d1c5bfdd709	{"miri":"build-fail","rls":"build-fail","clippy-driver":"build-fail","rustfmt":"build-fail"}
966fdf15e2d2cb37fd565980b82f12c3859e48b6	{"clippy-driver":"build-fail","rls":"build-fail","miri":"build-fail","rustfmt":"build-fail"}
ec9be91e4366f57dcb88169c78daaee049857af0	{"clippy-driver":"build-fail","rustfmt":"build-fail","rls":"build-fail","miri":"build-fail"}
b84385b23b7fb28ba95e902f2cff88bb11fe7325	{"rustfmt":"build-fail","rls":"build-fail","clippy-driver":"build-fail","miri":"build-fail"}
77e189cd79ce98cf8d39082157445db54696f316	{"clippy-driver":"build-fail","rls":"build-fail","rustfmt":"build-fail","miri":"build-fail"}
06c8b385d1d51c1cee4fb8c463028e0e6fafeb4e	{"miri":"build-fail","rustfmt":"build-fail","rls":"build-fail","clippy-driver":"build-fail"}
4352c11dd0975679e25130fa2ba2d563c43edd79	{"clippy-driver":"build-fail","rustfmt":"build-fail","miri":"build-fail","rls":"build-fail"}
b24d12e622052da1fc262a682e02e19af215e0b8	{"rls":"build-fail","clippy-driver":"build-fail","miri":"build-fail","rustfmt":"build-fail"}
5f7aeaf6e2b90e247a2d194d7bc0b642b287fc16	{"clippy-driver":"build-fail","rustfmt":"build-fail","rls":"build-fail","miri":"build-fail"}
9a8c753d5e410b50e86f7a13d509760ee4ffe319	{"miri":"build-fail","clippy-driver":"build-fail","rls":"build-fail","rustfmt":"build-fail"}
6c06bfaebad19abc73506e730e97b03291ecf187	{"miri":"build-fail","rustfmt":"build-fail","rls":"build-fail","clippy-driver":"build-fail"}
e687205fd05a1390f45e21bbe21b5cdf0bab5af8	{"clippy-driver":"build-fail","rustfmt":"build-fail","miri":"build-fail","rls":"build-fail"}
1abeb436d5b9618d96fe5ac093146aa3d782ef26	{"miri":"build-fail","rustfmt":"build-fail","rls":"build-fail","clippy-driver":"build-fail"}
bfbb1f5ce1e6a85a03219767cfc5c9bab3f7bf9e	{"rls":"build-fail","clippy-driver":"build-fail","miri":"build-fail","rustfmt":"build-fail"}
63efff5a71269ae22b8769e2e6f9aaa2f940f823	{"miri":"build-fail","clippy-driver":"build-fail","rustfmt":"build-fail","rls":"build-fail"}
71ed31f24054863b807f68f244c6828ce6d2e516	{"rls":"build-fail","rustfmt":"build-fail","clippy-driver":"build-fail","miri":"build-fail"}
3fd27b2718438ceec6243869cde3edde7e5a904e	{"clippy-driver":"build-fail","miri":"build-fail","rustfmt":"build-fail","rls":"build-fail"}
e8098c5c4db081585e0dc12fe6a2e0defe92857f	{"clippy-driver":"build-fail","miri":"build-fail","rls":"build-fail","rustfmt":"build-fail"}
60fb5756903ded526431a5716bbf6eb149690857	{"rustfmt":"build-fail","miri":"build-fail","rls":"build-fail","clippy-driver":"build-fail"}
cddc4a62d8e72c2bd303994752a7f8545ffb9c79	{"rls":"build-fail","rustfmt":"build-fail","miri":"build-fail","clippy-driver":"build-fail"}
503153e9506890c31749768474506e0b4e3eb4ef	{"rustfmt":"build-fail","clippy-driver":"build-fail","miri":"build-fail","rls":"build-fail"}
